Workbook

Sheet Summary by Site
A1: Alarm Downtime by Site — Export
A2: Time range: 04 Aug 2026, 08:00 – 05 Aug 2026, 08:00
A3: Sort: highest downtime
A4: Generated: 2026-08-04 08:13
A6: No | B6: Site name | C6: Alarm count | D6: Downtime | E6: Available | F6: Availability % | G6: Last occurrence
A7: 1 | B7: Magetan | C7: 30 | D7: =SUMIF('Alarm Detail'!A:A,B7,'Alarm Detail'!E:E) -> 0.089583333 | E7: =1-D7 -> 0.91041667 | F7: =E7 -> 0.91041667 | G7: 46239.302
A8: 2 | B8: Lawang | C8: 15 | D8: =SUMIF('Alarm Detail'!A:A,B8,'Alarm Detail'!E:E) -> 0.048611111 | E8: =1-D8 -> 0.95138889 | F8: =E8 -> 0.95138889 | G8: 46239.294
A9: 3 | B9: Pemalang | C9: 11 | D9: =SUMIF('Alarm Detail'!A:A,B9,'Alarm Detail'!E:E) -> 0.036111111 | E9: =1-D9 -> 0.96388889 | F9: =E9 -> 0.96388889 | G9: 46239.244
A10: 4 | B10: Semarang Poncol | C10: 9 | D10: =SUMIF('Alarm Detail'!A:A,B10,'Alarm Detail'!E:E) -> 0.028472222 | E10: =1-D10 -> 0.97152778 | F10: =E10 -> 0.97152778 | G10: 46239.278
A11: 5 | B11: Poris | C11: 6 | D11: =SUMIF('Alarm Detail'!A:A,B11,'Alarm Detail'!E:E) -> 0.017361111 | E11: =1-D11 -> 0.98263889 | F11: =E11 -> 0.98263889 | G11: 46239.21
A12: 6 | B12: Cirebon | C12: 5 | D12: =SUMIF('Alarm Detail'!A:A,B12,'Alarm Detail'!E:E) -> 0.013194444 | E12: =1-D12 -> 0.98680556 | F12: =E12 -> 0.98680556 | G12: 46239.319
A13: 7 | B13: Weleri | C13: 3 | D13: =SUMIF('Alarm Detail'!A:A,B13,'Alarm Detail'!E:E) -> 0.0076388889 | E13: =1-D13 -> 0.99236111 | F13: =E13 -> 0.99236111 | G13: 46239.122
B14: Total / average | C14: =SUM(C7:C13) -> 79 | D14: =SUM(D7:D13) -> 0.24097222 | F14: =AVERAGE(F7:F13) -> 0.9655754

Sheet Alarm Detail
A1: Site name | B1: Alarm name | C1: Occur | D1: Clear | E1: Duration
A2: Magetan | B2: Bad Package Error Rising | C2: 46238.347 | D2: 46238.351 | E2: =D2-C2 -> 0.0034722222
A3: Magetan | B3: ONU_TO_OLT_RXPOWER_OVER | C3: 46238.373 | D3: 46238.376 | E3: =D3-C3 -> 0.0034722222
A4: Magetan | B4: The distribute fiber is broken or the OLT cannot receive signal | C4: 46238.417 | D4: 46238.421 | E4: =D4-C4 -> 0.0034722222
A5: Magetan | B5: TmnxEqPortEtherAlarm | C5: 46238.462 | D5: 46238.465 | E5: =D5-C5 -> 0.0034722222
A6: Magetan | B6: TmnxEqDigitalDiagMonitorFailure | C6: 46238.469 | D6: 46238.472 | E6: =D6-C6 -> 0.0034722222
A7: Magetan | B7: The dying-gasp of GPON ONTi (DGi) is generated | C7: 46238.503 | D7: 46238.506 | E7: =D7-C7 -> 0.0034722222
A8: Magetan | B8: CONFIG_HAVENOT_SAVED | C8: 46238.557 | D8: 46238.56 | E8: =D8-C8 -> 0.0034722222
A9: Magetan | B9: PON_LINK_LOSS | C9: 46238.571 | D9: 46238.574 | E9: =D9-C9 -> 0.0034722222
A10: Magetan | B10: DYING_GASP | C10: 46238.616 | D10: 46238.619 | E10: =D10-C10 -> 0.0034722222
A11: Magetan | B11: CPU_ATTACK | C11: 46238.659 | D11: 46238.662 | E11: =D11-C11 -> 0.0027777778
A12: Magetan | B12: Bgp Peer Backward Transition | C12: 46238.669 | D12: 46238.672 | E12: =D12-C12 -> 0.0027777778
A13: Magetan | B13: Bad Package Error Rising | C13: 46238.722 | D13: 46238.725 | E13: =D13-C13 -> 0.0027777778
... A80: Weleri | B80: TmnxEqPortEtherAlarm | C80: 46239.122 | D80: 46239.124 | E80: =D80-C80 -> 0.0020833333
